Date,nSPY,n%IRX,n%IRXsmoothed,ntbillEC,nabsmM(5),nabsmM(1),nSELL,ySPY,y%IRX,y%IRXsmoothed,ytbillEC,yabsmM(5),yabsmM(1),ySELL,dSPY,d%IRX,d%IRXsmoothed,dtbillEC,dabsmM(5),dabsmM(1),dSELL,nysellERR,ndsellERR
1999-12-31,98.16058000000001,5.17,1.0002000513669074,100.96958070057326,0.0917296686473641,0.05197072883653697,,98.47043599999999,5.17,1.0002000513669074,13.030822511658888,0.09211475972387784,0.05268470038318762,,98.16058000000001,10.096709669998999,1.000381775128896,10.096709669998999,0.09175090215816595,0.05197148688321995,,,
2000-01-31,93.3152,5.53,1.0002136144261815,101.38522329886189,0.04224720742467136,-0.053478283341444,,93.567856,5.53,1.0002136144261815,13.0844640627974,0.04215652455153984,-0.053903842128547486,,93.3152,10.138135430656401,1.0003832685421925,10.138135430656401,0.04227338827965288,-0.053464667358230855,,,
2000-02-29,91.85324,5.64,1.0002177495033506,101.82062690983368,0.04900332385970518,-0.01996144804139921,,92.143196,5.64,1.0002177495033506,13.140655909253953,0.04939135069337408,-0.0195205024185936,,91.85324,10.181632037354099,1.0003848360082073,10.181632037354099,0.04903915237551293,-0.019957296110028055,,,
2000-03-31,100.755,5.72,1.0002207541393875,102.33609585220819,0.0808940112767138,0.09185033812051513,,101.073189,5.72,1.0002207541393875,13.207180740314453,0.08109904157428649,0.0918517764834883,,100.755,10.2331460112134,1.000386691595158,10.2331460112134,0.08092327701652002,0.09185335730108468,,,
2000-04-28,97.23734,5.65,1.0002181252067726,102.7611643430351,0.02421260442607598,-0.039066658423613565,,97.523445,5.65,1.0002181252067726,13.262038768057387,0.02469617291261872,-0.039274181956681975,,97.23734,10.2756779428738,1.000388222988775,10.2756779428738,0.024231847802666184,-0.039069297700196626,,,
2000-05-31,95.68791,5.49,1.0002121096972625,103.26669327005274,-0.047940591674552446,-0.020853971545885752,SELL,95.990143,5.49,1.0002121096972625,13.327280771408985,-0.047938740475367614,-0.02064184875995234,SELL,95.68791,10.3262907827906,1.0003900445750733,10.3262907827906,-0.04792826162597785,-0.02086001536647375,SELL,,
2000-06-30,97.55054,5.7,1.0002200031927413,103.76587421011749,0.02190621950777283,0.014631776842333633,,97.879372,5.7,1.0002200031927413,13.391703523153163,0.022597788048740686,0.014847588895887442,,97.55054,10.3761251604238,1.0003918373309888,10.3761251604238,0.021912756852274562,0.014639706749582704,,,
2000-07-31,95.95549,6.02,1.0002320013905877,104.24283044798953,0.020871990024629472,-0.0209474767641743,,96.34246800000001,6.02,1.0002320013905877,13.453258023413701,0.021784399215671657,-0.02029848674195678,,95.95549,10.4236936214167,1.0003935478202834,10.4236936214167,0.020886577564658726,-0.020935426212775554,,,
2000-08-31,102.3149,6.11,1.0002353693850972,104.80578927869877,-0.008651050434400398,0.060874125989624384,,102.637573,6.11,1.0002353693850972,13.525911752917612,-0.008655425849138476,0.05994045875959153,,102.3149,10.479951033101901,1.0003955698039868,10.479951033101901,-0.008636085998784626,0.060877511376023374,,,
2000-09-29,96.70365,6.03,1.0002323757528,105.2902073420973,-0.030099412469482667,-0.059464995201626736,SELL,97.006638,6.03,1.0002323757528,13.588429253354779,-0.029910193398050566,-0.0594843707939825,SELL,96.70365,10.528421448083801,1.0003973110879936,10.528421448083801,-0.030084814597132636,-0.05946800197195834,SELL,,
2000-10-31,96.25119000000001,6.15,1.0002368653583333,105.83490096757374,-0.018983024330077036,-0.009852090704269734,SELL,96.552841,6.15,1.0002368653583333,13.658725731834412,-0.01900762202223283,-0.0098512595288196,SELL,96.25119000000001,10.5828402086287,1.0003992651583067,10.5828402086287,-0.01895765901226265,-0.009847578941514556,SELL,,
2000-11-30,89.06567,6.01,1.0002316269932034,106.36310679205866,-0.1120089586264289,-0.07964467750429127,SELL,89.344894,6.01,1.0002316269932034,13.726894345596397,-0.11222357431403018,-0.0796437204889513,SELL,89.06567,10.635713248140698,1.000401162807667,10.635713248140698,-0.11199704664443322,-0.0796499407941823,SELL,,
2000-12-29,88.87711999999999,5.73,1.00022112955965,106.83491646492087,-0.09863306724454968,-0.006552816804713979,SELL,88.87793,5.73,1.00022112955965,13.787784646058117,-0.10234505132715088,-0.009662372109972117,SELL,88.87711999999999,10.6830036834703,1.0004028593284555,10.6830036834703,-0.09864420694942577,-0.006563358472122305,SELL,,
2001-01-31,92.82818,4.84,1.0001875778780984,107.28158727694148,-0.11634352781358592,0.040274366798580985,,92.829338,4.84,1.0001875778780984,13.845430602713526,-0.11918455854748866,0.04027787713234021,,92.82818,10.7280285883486,1.0004044739036762,10.7280285883486,-0.11639243911137764,0.04024068115800561,,,
2001-02-28,83.97353000000001,4.72,1.000183032365894,107.66686193258504,-0.15421295088062292,-0.09897876811971162,SELL,83.974602,4.72,1.000183032365894,13.895152960884152,-0.1569141113752116,-0.09897850463889624,SELL,83.97353000000001,10.7666045171044,1.00040585670112,10.7666045171044,-0.15426339883347961,-0.09898332912116192,SELL,,
2001-03-30,79.26756,4.18,1.0001625131495813,108.07357679124938,-0.19760364623484328,-0.05981864253878222,SELL,79.26892099999999,4.18,1.0001625131495813,13.947642325496117,-0.2001624869847345,-0.059814485614382185,SELL,79.26756,10.8074974152319,1.000407322029282,10.8074974152319,-0.19767955884406352,-0.05983923592037066,SELL,,
2001-04-30,84.8514,3.83,1.0001491569971135,108.39882721256943,-0.06645578227444271,0.06743341265574965,,86.041664,3.83,1.0001491569971135,13.989618141208698,-0.056111017812665254,0.0824305529241054,,84.8514,10.84016763731,1.0004084923246868,10.84016763731,-0.06653981815787624,0.06742001830543431,,,
2001-05-31,85.55787,3.54,1.0001380564554458,108.73449234511214,-0.055126985162151865,0.0052293921997763615,,85.559364,3.54,1.0001380564554458,14.032938047413795,-0.05511894885132951,-0.008701999217737733,SELL,85.55787,10.873855720515401,1.0004096987216293,10.873855720515401,-0.05521152367477411,0.005218258821479083,,ERROR,
2001-06-29,83.51939,3.56,1.0001388230036534,109.04389630560169,-0.11670673347815885,-0.02667124473289273,SELL,83.52050799999999,3.56,1.0001388230036534,14.072868767790851,-0.11670591343577241,-0.026675223307778273,SELL,83.51939,10.904788915327599,1.000410806142345,10.904788915327599,-0.1167562823678574,-0.026670476110174368,SELL,,
2001-07-31,82.66784,3.44,1.0001342215008502,109.35665601148489,-0.031243481686698216,-0.013064035983888389,SELL,82.668938,3.44,1.0001342215008502,14.113232570313201,-0.03124297357659167,-0.01306413896524694,SELL,82.66784,10.9361163467295,1.0004119273633731,10.9361163467295,-0.0312930519679504,-0.013068650065407472,SELL,,
2001-08-31,77.76295,3.28,1.0001280778859956,109.68603367322005,-0.03390140111543638,-0.06234446269767413,SELL,77.764015,3.28,1.0001280778859956,14.15574103493785,-0.0339048093402301,-0.0623440738322687,SELL,77.76295,10.969122851552,1.000413108337973,10.969122851552,-0.03393634567724835,-0.06235062402771674,SELL,,
2001-09-28,71.41512,2.3,1.0000902401307985,109.85716754674452,-0.1718041863347297,-0.08319073513396091,SELL,71.416061,2.3,1.0000902401307985,14.177827044567255,-0.1834362700956832,-0.08319121174897115,SELL,71.41512,10.9866527064509,1.0004137354149218,10.9866527064509,-0.1718638904496077,-0.08322862850470902,SELL,,
2001-10-31,72.34509,2.01,1.000078973998069,110.0710026758705,-0.16672241617750794,0.011075549126450035,,72.346039,2.01,1.000078973998069,14.20542394647637,-0.16672608941911304,0.011075489563764362,,72.34509,11.008162049402099,1.0004145047111137,11.008162049402099,-0.1667822201241177,0.011064261955778365,,,
2001-11-30,77.98635999999999,1.73,1.0000680660418544,110.24025882770651,-0.07721983299084223,0.07643953410180937,,77.987427,1.73,1.0000680660418544,14.227267623138967,-0.07721955682195925,0.07644014228445073,,77.98635999999999,11.0252095502935,1.0004151143210482,11.0252095502935,-0.07729136138581949,0.07642861011598479,,,
2001-12-31,78.42598000000001,1.67,1.0000657247323905,110.38620695037208,-0.060726710421644126,0.004313230152620973,,78.427193,1.67,1.0000657247323905,14.246103237481123,-0.06072463780908044,0.004315025123648786,,78.42598000000001,11.0398317755321,1.0004156371300876,11.0398317755321,-0.06079584751686917,0.004310885897549577,,,
2002-01-31,77.6575,1.72,1.0000676759191411,110.53654886509108,-0.009110132548036387,-0.011160756581464093,SELL,77.658691,1.72,1.0000676759191411,14.265505901067256,-0.009108493689920172,-0.011160885542642274,SELL,77.6575,11.0548460477991,1.0004161738851869,11.0548460477991,-0.009170998757890847,-0.01115880286948745,SELL,,
2002-02-28,76.26463000000001,1.72,1.0000676759191411,110.67803392125118,0.060433804077971054,-0.019216049797198043,,76.265831,1.72,1.0000676759191411,14.283765525818422,0.060436549966206066,-0.019215645955033556,,76.26463000000001,11.068996078083,1.0004166796777765,11.068996078083,0.06041107280208524,-0.01921604979720204,,,
2002-03-28,78.80199999999999,1.74,1.0000684561263729,110.83333765832907,0.0823256828738379,0.03186739712453024,,78.803246,1.74,1.0000684561263729,14.30380854688692,0.08232861738553421,0.031867463235518034,,78.80199999999999,11.084519477734098,1.0004172344876079,11.084519477734098,0.0823150928819163,0.03186817837307476,,,
2002-04-30,74.21921,1.73,1.0000680660418544,110.99691204346271,-0.05516891625480991,-0.059631616524480346,SELL,74.22039000000001,1.73,1.0000680660418544,14.324918952271794,-0.05516680640583005,-0.05963153452184533,SELL,74.21921,11.100882996177301,1.0004178192398763,11.100882996177301,-0.05516891625480924,-0.05963200715812045,SELL,,
2002-05-31,73.77882,1.705,1.0000670906634397,111.16227210988606,-0.06628581818694368,-0.007423410786140949,SELL,73.77996800000001,1.705,1.0000670906634397,14.346259812173644,-0.06628573050362385,-0.007423747597979369,SELL,73.77882,11.1174316212823,1.000418410519715,11.1174316212823,-0.0662844427450604,-0.0074243875521190494,SELL,,
2002-06-28,68.33365,1.659,1.0000652953430438,111.31035337437474,-0.12706418171048517,-0.07513609047598735,SELL,68.33446500000001,1.659,1.0000652953430438,14.365370723217001,-0.1270671820711785,-0.07513945552271106,SELL,68.33365,11.132261336782902,1.0004189403086647,11.132261336782902,-0.12706657879515237,-0.07513788807059141,SELL,,
2002-07-31,62.94761,1.665,1.0000655295611514,111.47188284692804,-0.18178853618723445,-0.0802708953546768,SELL,62.948353000000004,1.665,1.0000655295611514,14.38621721849448,-0.1817917917245261,-0.0802710089418418,SELL,62.94761,11.1484134521733,1.0004195172600072,11.1484134521733,-0.18179069779853263,-0.08027066081204348,SELL,,
2002-08-30,63.375730000000004,1.645,1.0000647487805758,111.62720500695335,-0.20292259183129457,0.005407836129919907,,63.376495,1.645,1.0000647487805758,14.40626261717173,-0.20292560037729457,0.005408105345858338,,63.375730000000004,11.1639560913228,1.0004200723621048,11.1639560913228,-0.20292632549000078,0.005407054312041248,,,
2002-09-30,56.7307,1.527,1.000060139058168,111.76966600812017,-0.2425951417294252,-0.10612755778460026,SELL,56.73131899999999,1.527,1.000060139058168,14.42464819437387,-0.24259895406217247,-0.10612859584654244,SELL,56.7307,11.1782552936441,1.0004205829868456,11.1782552936441,-0.2426031234203001,-0.10613217311247236,SELL,,
2002-10-31,61.39872,1.4169999999999998,1.0000558370508015,111.9286392524133,-0.17469431969818028,0.08086151372434891,,61.399418000000004,1.417,1.0000558370508015,14.445164790720142,-0.17469780798082724,0.08086200844757818,,61.39872,11.1942026056648,1.0004211523884585,11.1942026056648,-0.174705650262025,0.08085720583864986,,,
2002-11-29,65.18585999999999,1.202,1.0000474151459509,112.03709359314855,-0.05259396041636055,0.06071213071991299,,65.1866,1.202,1.0000474151459509,14.459161573265277,-0.05259450855879533,0.0607121135633808,,65.18585999999999,11.2051437002508,1.0004215429951435,11.2051437002508,-0.05261195649915673,0.06070370105427125,,,
2002-12-31,61.4982,1.182,1.0000466308071532,112.14679944349416,-0.029080246222625505,-0.0575506633944175,SELL,61.498959,1.182,1.0000466308071532,14.473319871778806,-0.029079720266652398,-0.05754972972264061,SELL,61.4982,11.2161244866053,1.000421934980375,11.2161244866053,-0.029099258514282966,-0.057551448464622124,SELL,,
2003-01-31,59.985659999999996,1.148,1.0000452970767357,112.25475464386858,-0.059113446824477944,-0.025557490188592435,SELL,59.986431,1.148,1.0000452970767357,14.487252236809233,-0.059112706469812926,-0.02555699152155899,SELL,59.985659999999996,11.2269363702021,1.0004223208985596,11.2269363702021,-0.05913300699655,-0.02555882514242014,SELL,,
2003-02-28,59.177119999999995,1.175,1.0000463562520918,112.35222080437777,0.0379112871442282,-0.014347146760113061,,59.177864,1.175,1.0000463562520918,14.499830918721896,0.03791301998993846,-0.014347423619011979,,59.177119999999995,11.236672353629801,1.000422668381711,11.236672353629801,0.037897433142992876,-0.01434608671426263,,,
2003-03-31,59.303999999999995,1.09,1.0000430208586162,112.45684357268198,-0.03883578892454387,0.0012128685132455352,,59.304485,1.09,1.0000430208586162,14.513333210352616,-0.03883887016812837,0.0012084649208905507,,59.303999999999995,11.247173492969699,1.0004230431397851,11.247173492969699,-0.038848665043893504,0.001209530157459282,,,
2003-04-30,64.32182,1.101,1.0000434526550959,112.56178487564505,-0.01793821442539012,0.08367866101034571,,64.322319,1.101,1.0000434526550959,14.526876611083464,-0.017941761032880144,0.08367820511332846,,64.32182,11.2576641520714,1.0004234174886666,11.2576641520714,-0.017942195300366226,0.0836790931909921,,,
2003-05-30,67.84898000000001,1.085,1.000042824572018,112.66081394650487,0.09868433022724288,0.053956359686743394,,67.849556,1.085,1.000042824572018,14.539656997383132,0.0986800800705363,0.05395713137485214,,67.84898000000001,11.2675754428742,1.000423771131061,11.2675754428742,0.09868050671032358,0.05395573107801255,,,
2003-06-30,68.57185,0.838,1.0000331159560016,112.74569506616733,0.13876392769691326,0.009900680828041297,,68.572289,0.838,1.0000331159560016,14.550611492759241,0.138756553380591,0.009898571208294848,,68.57185,11.276174151846002,1.0004240779141198,11.276174151846002,0.13875169370780815,0.009890965219077952,,,
2003-07-31,69.80802,0.927,1.0000366169293124,112.83276493284303,0.17536832228929877,0.017255100601958784,,69.808388,0.927,1.0000366169293124,14.56184846107081,0.17535971001139772,0.017253949787017886,,69.80802,11.2848428711039,1.0004243871710916,11.2848428711039,0.17535854166839204,0.017258604150674595,,,
2003-08-29,71.24786999999999,0.96,1.0000379142616036,112.92084738923685,0.19727468750594945,0.0198452075043567,,71.248276,0.96,1.0000379142616036,14.573216111086738,0.19727170831536922,0.019845643120860013,,71.24786999999999,11.2936376884656,1.0004247009020995,11.2936376884656,0.19726956003321683,0.01984650580018288,,,
2003-09-30,70.47086,0.9259999999999999,1.0000365776096174,113.00793241849753,0.09163446208139736,-0.011676933710427662,,70.47126,0.926,1.0000365776096174,14.584455036234734,0.09163218132683482,-0.011676955777962461,,70.47086,11.3023624957854,1.0004250121112923,11.3023624957854,0.09162756003858918,-0.011678271344321534,,,
2003-10-31,74.24294,0.932,1.000036813521967,113.10169482369429,0.09032476812876133,0.05269710770914049,,74.243324,0.932,1.000036813521967,14.59655572291589,0.09032113831643951,0.052696576844187826,,74.24294,11.3117373698303,1.000425346480936,11.3117373698303,0.09031873377752775,0.05269734380853386,,,
2003-11-28,75.05376,0.9079999999999999,1.0000358697887446,113.18012323054475,0.09067410468553394,0.010227740470690305,,75.054161,0.908,1.0000358697887446,14.606145490494024,0.090709504691046,0.010264357215898912,,75.05376,11.3195919800214,1.0004256266063811,11.3195919800214,0.09067686903010919,0.010226796116930892,,,
2003-12-31,78.82964,0.907,1.0000358304616754,113.2670432272007,0.12538585426661486,0.04954102582896547,,78.830391,0.907,1.0000358304616754,14.617362708508566,0.12542721861552453,0.04954542033667231,,78.82964,11.3282856383232,1.0004259366325383,11.3282856383232,0.12538506480025813,0.049540986473104676,,,
2004-01-30,80.38811,0.897,1.0000354371696323,113.34544801124099,0.12452774381654486,0.019077889901384815,,80.388817,0.897,1.0000354371696323,14.627481019481866,0.12456779338837731,0.019077143395555884,,80.38811,11.3361316695832,1.0004262164106095,11.3361316695832,0.12452525749841659,0.019077496351046275,,,
2004-02-27,81.47901999999999,0.927,1.0000366169293124,113.4232961314957,0.15253315267478063,0.012883717463822109,,81.479774,0.927,1.0000366169293124,14.637527491761151,0.15257384220693648,0.012884182772681996,,81.47901999999999,11.343904188898001,1.0004264935479894,11.343904188898001,0.1525331921375488,0.012884897990552924,,,
2004-03-31,80.39961,0.9229999999999999,1.0000364596482043,113.51903700748971,0.07923602657299611,-0.01409180714228242,,80.40049,0.923,1.0000364596482043,14.649883063784225,0.07927883178566764,-0.014090138154228882,,80.39961,11.353481391223301,1.0004268350067482,11.353481391223301,0.07923567140639753,-0.014091964550411618,,,
2004-04-30,78.87835,0.9520000000000001,1.0000375997955948,113.6069316650483,0.04718695194435263,-0.019695508463621336,,78.87921899999999,0.952,1.0000375997955948,14.66122606394621,0.047192915182545425,-0.019695438181863922,,78.87835,11.3622591243635,1.0004271479361118,11.3622591243635,0.047188688409863344,-0.019694367476341124,,,
2004-05-28,80.229,1.052,1.0000415288378848,113.69746032574459,0.01395167786416085,0.016326344406597526,,80.229904,1.052,1.0000415288378848,14.67290898804496,0.013953449623411496,0.016326599479313142,,80.229,11.3712685617649,1.0004274691002681,11.3712685617649,0.013957397656778836,0.016330276416484768,,,
2004-06-30,81.71318000000001,1.3030000000000002,1.0000513736998728,113.81482757140276,0.01234226611717748,0.017467019008571505,,81.714264,1.303,1.0000513736998728,14.688055490955279,0.012346810856661783,0.01746905411803157,,81.71318000000001,11.382894799627499,1.0004278835086464,11.382894799627499,0.012358267820783198,0.017476873526922176,,,
2004-07-30,79.08049,1.412,1.0000556413946007,113.93919948190499,-0.033985871674839685,-0.033311426888729456,SELL,79.08152,1.412,1.0000556413946007,14.704105961372475,-0.03398221192248252,-0.03331166032363475,SELL,79.08049,11.3952849045975,1.0004283250970638,11.3952849045975,-0.033966761740487184,-0.03330715476815682,SELL,,
2004-08-31,79.27311999999999,1.568,1.0000617413460606,114.08386416160242,-0.018986753768380105,0.0011662070362126187,,79.274208,1.568,1.0000617413460606,14.722775258583717,-0.018984013364669372,0.0011669087305050674,,79.27311999999999,11.4096835109622,1.0004288382078381,11.4096835109622,-0.01896134784709136,0.0011723143554933646,,,
2004-09-30,80.06863,1.6740000000000002,1.000065880862499,114.23867614263517,0.009529280588861377,0.008678051941371834,,80.069855,1.674,1.000065880862499,14.742754087499018,0.00953362757316989,0.008679642393865317,,80.06863,11.4251191776763,1.0004293882020883,11.4251191776763,0.009557717047469216,0.008682196802076492,,,
2004-10-29,81.1003,1.867,1.0000734068801933,114.40329807279477,0.004652128365074226,0.011443786438326109,,81.101547,1.867,1.0000734068801933,14.763998912068955,0.004656281210787094,0.011443864071709164,,81.1003,11.4414970710021,1.0004299716862097,11.4414970710021,0.0046842019529464984,0.011451322748057047,,,
2004-11-30,84.71069,2.182,1.0000856598234544,114.59698823808793,0.029811089901508714,0.042824544139212994,,84.711952,2.182,1.0000856598234544,14.787757063785298,0.02989706728697783,0.042907896743157536,,84.71069,11.4607276464258,1.0004306566918941,11.4607276464258,0.029845608690041603,0.042836816776013587,,,
2004-12-31,87.26218,2.182,1.0000856598234544,114.81255819441346,0.09579515513674397,0.02823893379438469,,87.263542,2.182,1.0000856598234544,14.815574515128517,0.09588235788328925,0.02823966555063273,,87.26218,11.4822865773906,1.0004314244951824,11.4822865773906,0.0958254010698798,0.02823893379438447,,,
2005-01-31,85.3057,2.4219999999999997,1.0000949701732373,115.02125155018274,0.06788203082366606,-0.02423839717011511,,85.307037,2.422,1.0000949701732373,14.84250460023276,0.06796852563983369,-0.024238333718570204,,85.3057,11.503050698311,1.0004321638521747,11.503050698311,0.06791552949917379,-0.024229070782754936,,,
2005-02-28,87.08891,2.69,1.0001053410845782,115.23747991697076,0.07893515143665142,0.019023862143673798,,87.09030899999999,2.69,1.0001053410845782,14.870407013791107,0.07902042544580179,0.019024261309700474,,87.08891,11.5245557661217,1.0004329294478314,11.5245557661217,0.07897495247195407,0.019034251456856444,,,
2005-03-31,85.49587,2.722,1.0001065776002944,115.50832359758742,0.04454014742239254,-0.020642419853045824,,85.497169,2.722,1.0001065776002944,14.905357064510591,0.044624474218663446,-0.02064327424589074,,85.49587,11.551627750438001,1.000433893020623,11.551627750438001,0.04457363497063893,-0.020641180563209738,,,
2005-04-29,83.8941,2.8369999999999997,1.000111018163868,115.77134557496548,-0.019887467025417105,-0.02101213948439362,SELL,83.89537800000001,2.837,1.000111018163868,14.939297791607382,-0.01988713454144353,-0.021012100455743532,SELL,83.8941,11.577880352511102,1.0004348272067292,11.577880352511102,-0.019861851663720453,-0.02100768930334751,SELL,,
2005-05-31,86.59755,2.8819999999999997,1.0001127544294643,116.03993967931238,-0.01830677948168702,0.02990451494436308,,86.598862,2.882,1.0001127544294643,14.973957553830752,-0.01830723358157138,0.029904429326050863,,86.59755,11.6047213465779,1.0004357821041632,11.6047213465779,-0.01827939831337122,0.02990625504196598,,,
2005-06-30,86.72847,3.06,1.0001196149188178,116.33604434063542,0.005247618493866124,-0.0010399267426914882,,86.730034,3.06,1.0001196149188178,15.012167317144968,0.005250018071558893,-0.0010370396783003777,,86.72847,11.634253861121,1.000436832491091,11.634253861121,0.005272541969070232,-0.0010330495697128406,,,
2005-07-29,90.04683,3.332,1.0001300756000255,116.62751931487576,0.0219019806731493,0.03575602722638016,,90.04847,3.332,1.0001300756000255,15.049779659105337,0.021904202319254162,0.03575621354059777,,90.04683,11.663280994384401,1.0004378646333791,11.663280994384401,0.021927010290220927,0.035766512752461566,,,
2005-08-31,89.20269,3.43,1.0001338378023115,116.98687484984976,0.03055632711630185,-0.012455679692302657,,89.204346,3.43,1.0001338378023115,15.096151404405322,0.030559843953546828,-0.012455331278753423,,89.20269,11.6991741691079,1.000439140547825,11.6991741691079,0.03058393256479719,-0.012451906402837776,,,
2005-09-30,89.91835,3.47,1.0001353723748256,117.31374027051145,0.05848502372616782,0.005228817244530726,,89.92021899999999,3.47,1.0001353723748256,15.138330579509422,0.058490974347703784,0.005231056083395469,,89.91835,11.7318440700303,1.0004403015278218,11.7318440700303,0.05850969906225023,0.005230355896402417,,,
2005-10-31,87.7917,3.805,1.0001482012709633,117.66722884342799,-0.00023387536370389483,-0.02666409092998112,SELL,87.793526,3.805,1.0001482012709633,15.181853364581194,-8.844771334715062e-05,-0.026525893275143653,SELL,87.7917,11.7670434059058,1.0004415520172145,11.7670434059058,-0.00019793675863954974,-0.026651225284649138,SELL,,
2005-11-30,91.65035999999999,3.8569999999999998,1.000150188923947,118.04008660031614,0.04210298236846999,0.04078369886261357,,91.65226700000001,3.857,1.000150188923947,15.22766507222968,0.04239862719117582,0.04093492435418322,,91.65035999999999,11.804306737857699,1.0004428754046384,11.804306737857699,0.04213399955054342,0.04078569251455,,,
2005-12-30,91.47475,3.985,1.0001550773882624,118.414880830396,0.0005321426033888521,-0.005091229947574494,,91.476913,3.985,1.0001550773882624,15.276015096115932,0.0008305707222793224,-0.005088396913705884,,91.47475,11.841729228127699,1.0004442040024182,11.841729228127699,0.0005575236176085241,-0.005086326722066659,,,
2006-01-31,93.67143,4.37,1.0001697449282303,118.80402945341025,0.03456349287661009,0.02072774332236116,,93.673653,4.37,1.0001697449282303,15.326216896752058,0.03486188790035949,0.020727831405694674,,93.67143,11.8804706526489,1.0004455789594762,11.8804706526489,0.03459995155846829,0.020742456566992695,,,
2006-02-28,94.20775,4.507,1.0001749512895701,119.19235162863421,0.03168971116998742,0.002456950816922321,,94.20996099999999,4.507,1.0001749512895701,15.376312082165237,0.031985630496220496,0.0024566868378197437,,94.20775,11.919241046135099,1.0004469544699863,11.919241046135099,0.03172991685027737,0.0024621732820697684,,,
2006-03-31,95.76289,4.515,1.0001752551005623,119.67276381820687,0.07375249912954884,0.012476996869921209,,95.764771,4.515,1.0001752551005623,15.438287264750446,0.07390454573476402,0.012473106642080678,,95.76289,11.967278653650501,1.0004486581079999,11.967278653650501,0.07378000924671735,0.01247730185198681,,,
2006-04-28,96.97255,4.65,1.0001803784206118,120.07870664416775,0.040800010831717914,0.009239717239177603,,96.97448,4.65,1.0001803784206118,15.49065558783663,0.04079905351109692,0.009239980796833303,,96.97255,12.007811434871499,1.000450095023608,12.007811434871499,0.04083071617973588,0.009244857010980434,,,
2006-05-31,94.05165,4.715,1.0001828428569812,120.56130416614894,0.010044318079303283,-0.03413990503005582,,94.05351999999999,4.715,1.0001828428569812,15.552912687446366,0.01004044898239731,-0.034139924279167566,,94.05165,12.056041243037301,1.0004518041296033,12.056041243037301,0.01007258166537306,-0.034137431141425645,,,
2006-06-30,94.29731,4.86,1.0001883349596128,121.0535995218852,-0.012253479652968302,-0.0014713921721847267,SELL,94.29881999999999,4.86,1.0001883349596128,15.616420848187971,-0.012261249749377479,-0.0014752717120694037,SELL,94.29731,12.1052039436143,1.0004535455403187,12.1052039436143,-0.01223454118364864,-0.0014658786816983405,SELL,,
2006-07-31,94.7196,4.935,1.000191172734914,121.5165710000803,-0.014066531039187646,0.000653766159669944,,94.72114599999999,4.935,1.000191172734914,15.673194295615767,-0.013881745965191428,0.0008430958651284293,,94.7196,12.1514660181395,1.00045518351234,12.1514660181395,-0.01404999644091176,0.0006566142436112976,,,
2006-08-31,96.78662,4.905,1.0001900378672914,122.0537086029741,-0.009205202838030058,0.01740223339021818,,96.7882,4.905,1.0001900378672914,15.742474246032,-0.009016510131549138,0.017402236160349638,,96.78662,12.205192782423598,1.0004570849375019,12.205192782423598,-0.009190128825971922,0.017401093722742234,,,
2006-09-29,99.40026999999999,4.76,1.0001845481128264,122.5085901038983,0.004799369492571426,0.023277352956321495,,99.401604,4.76,1.0001845481128264,15.801144813237697,0.00498483517203141,0.0232743704986087,,99.40026999999999,12.2507475096558,1.0004586964386588,12.2507475096558,0.004803622776725636,0.023271843758824184,,,
2006-10-31,102.53299999999999,4.94,1.0001913618480989,123.0214729433534,0.06977162105366452,0.02732980766476434,,102.534401,4.94,1.0001913618480989,15.864338608069176,0.07014715875458943,0.02751724636632913,,102.53299999999999,12.3019515200283,1.0004605070061423,12.3019515200283,0.06978031221979064,0.027336648616677728,,,
2006-11-30,104.5719,4.89,1.0001894703122542,123.5163034481999,0.08861561062981016,0.015862995186197715,,104.573349,4.89,1.0001894703122542,15.925114484528322,0.08918988598835353,0.016054527160487497,,104.5719,12.351457141802001,1.0004622567371906,12.351457141802001,0.08861676886051284,0.01586109640176736,,,
2006-12-29,105.9699,4.885,1.0001892811092767,123.98032058246324,0.09849977458095371,0.009612064362779726,,105.971626,4.885,1.0001892811092767,15.984940805261962,0.09888431950528687,0.009614527979204368,,105.9699,12.3978605498195,1.0004638961262098,12.3978605498195,0.09849784496782776,0.009611874484959149,,,
2007-01-31,107.5638,4.975,1.0001926853891523,124.45808566675088,0.09165055887150131,0.011187507740666458,,107.565475,4.975,1.0001926853891523,16.046539666720605,0.09203408889525488,0.01118678150027086,,107.5638,12.445594037063598,1.000465581802438,12.445594037063598,0.09165325802769853,0.011190924480772635,,,
2007-02-28,105.4536,4.995,1.0001934415009979,124.91829730449285,0.04122882685006668,-0.023315848211782564,,105.45533,4.995,1.0001934415009979,16.105875339935814,0.041616348449781126,-0.02331503140361757,,105.4536,12.491604964335599,1.0004672059731283,12.491604964335599,0.04123789341466577,-0.023315089450818727,,,
2007-03-30,106.6759,4.895,1.0001896595062485,125.44414125261797,0.020712475606711855,0.007381376773361259,,106.67741399999998,4.895,1.0001896595062485,16.17367307060869,0.02090734749025369,0.007379138363770021,,106.6759,12.5442358460531,1.0004690630149171,12.5442358460531,0.020710740069712852,0.0073775795784647435,,,
2007-04-30,111.4012,4.725,1.0001832218657944,125.9169490774445,0.04587135885716309,0.040526782539502815,,111.402771,4.725,1.0001832218657944,16.234632786284614,0.045871620585793194,0.04052668819974259,,111.4012,12.5915970013922,1.0004707333790364,12.5915970013922,0.0458649901336583,0.040520321818868554,,,
2007-05-31,115.18,4.59,1.000178102202672,126.42447578266773,0.06719835794234919,0.029889993531754033,,115.181595,4.59,1.000178102202672,16.300068851475995,0.06719570618696835,0.029889730617958188,,115.18,12.6424139903324,1.0004725248476232,12.6424139903324,0.06718696068401453,0.02988485414842068,,,
2007-06-29,113.4956,4.67,1.000181136871075,126.89859538775283,0.035537716555042786,-0.018374286737688816,,113.497482,4.67,1.000181136871075,16.36119769665315,0.03553878222318696,-0.018371592510487256,,113.4956,12.689787322439498,1.0004741941909425,12.689787322439498,0.0355259437135389,-0.018371241240262792,,,
2007-07-31,109.9421,4.81,1.0001864419860598,127.39501502886914,0.02273704272064525,-0.03522152341265494,,109.94389299999999,4.81,1.0001864419860598,16.422189697815746,0.022923955368038706,-0.03503769331400386,,109.9421,12.739361432507698,1.00047594033708,12.739361432507698,0.02272990575904199,-0.035216198537164844,,,
2007-08-31,111.3529,3.99,1.0001552682222439,127.87146202685982,0.02449326604374291,0.009092290261491831,,111.354767,3.99,1.0001552682222439,16.48360735203231,0.024682878898238725,0.009092754060325836,,111.3529,12.787404165664402,1.0004776318140638,12.787404165664402,0.024458214737150374,0.00906100476797822,,,
2007-09-28,115.6637,3.7,1.0001441847160273,128.23752627531465,0.019833177177864147,0.03585020501016856,,115.66578700000001,3.7,1.0001441847160273,16.530795827408298,0.02002402671042014,0.03585153160725807,,115.6637,12.824153443512401,1.0004789251894393,12.824153443512401,0.019793426327270325,0.03583909137704078,,,
2007-10-31,117.2328,3.82,1.0001487747341609,128.68343527306007,-4.5516394573175134e-05,0.010088842525784347,,117.234978,3.82,1.0001487747341609,16.588276900331586,0.00014595270321482445,0.010089384498021436,,117.2328,12.868686678019099,1.0004804919556731,12.868686678019099,-7.536344742331558e-05,0.01009344781922783,,,
2007-11-30,112.6921,3.07,1.0001199999893458,129.02619847711296,-0.023845736975021015,-0.041395949883071936,SELL,112.694176,3.07,1.0001199999893458,16.63048524878739,-0.023536657308514397,-0.04127695329582004,SELL,112.6921,12.903335147391699,1.0004817105307167,12.903335147391699,-0.023907891429411854,-0.04142479781099284,SELL,,
2007-12-31,111.4234,3.14,1.0001226944415644,129.3241760225754,-0.0016696879260909014,-0.013567543918472702,SELL,111.42516299999998,3.14,1.0001226944415644,16.66700141400883,-0.001434410563821098,-0.013456416127710757,SELL,111.4234,12.933099710437698,1.0004827570430248,12.933099710437698,-0.0017343928698665412,-0.01356484357491372,SELL,,
2008-01-31,104.6866,1.87,1.0000735237527938,129.61441248516346,-0.07349691290478289,-0.06270552282374442,SELL,104.688286,1.87,1.0000735237527938,16.70440641963986,-0.07326211596639676,-0.06270525723548859,SELL,104.6866,12.962762197272598,1.0004837996930904,12.962762197272598,-0.07357976549963041,-0.06275480024102953,SELL,,
2008-02-29,101.9813,1.785,1.0000702110342465,129.82859613618214,-0.13070188627378465,-0.027494361666435707,SELL,101.982895,1.785,1.0000702110342465,16.732009914393714,-0.13046887094494541,-0.02749481473113724,SELL,101.9813,12.984225755123001,1.00048455397699,12.984225755123001,-0.13077677250469366,-0.02749767962618177,SELL,,
2008-03-31,101.0693,1.275,1.000050276672959,129.95422420777388,-0.14775054721084446,-0.009910461600612042,SELL,101.070892,1.275,1.000050276672959,16.74820057039675,-0.1475184377741926,-0.009910351152761399,SELL,101.0693,12.997048953903,1.0004850045486395,12.997048953903,-0.14785001297021538,-0.00993041424814578,SELL,,
2008-04-30,105.8865,1.34,1.000052822879443,130.09747505590576,-0.068693884461415,0.04656002877779897,,105.88819099999999,1.34,1.000052822879443,16.76666240917898,-0.06858181060199631,0.0465602575434092,,105.8865,13.0113427037729,1.0004855067313558,13.0113427037729,-0.06876161575054496,0.046562577656374726,,,
2008-05-30,107.4871,1.85,1.0000727445373616,130.28327200633547,-0.04274362447831137,0.013688049244507061,,107.488823,1.85,1.0000727445373616,16.79060749145802,-0.04274342450353785,0.013688110049493218,,107.4871,13.029665118155998,1.00048615036074,13.029665118155998,-0.042793941161509585,0.013707997902113078,,,
2008-06-30,98.50395999999999,1.705,1.0000670906634397,130.4805313309206,-0.0657408341253557,-0.08508820213361434,SELL,98.505371,1.705,1.0000670906634397,16.816029818070895,-0.06574250983590613,-0.08508976510344912,SELL,98.50395999999999,13.0494668510026,1.0004868458387586,13.0494668510026,-0.06574730976791121,-0.08509386418808518,SELL,,
2008-07-31,97.61882,1.635,1.000064358332904,130.66207110672832,-0.049197064652491296,-0.010377148592667473,SELL,97.620209,1.635,1.000064358332904,16.838240732729254,-0.04912756258719808,-0.010306744247078226,SELL,97.61882,13.067658498280098,1.0004874846602945,13.067658498280098,-0.04920295454800705,-0.010379884548659457,SELL,,
2008-08-29,99.1274,1.69,1.0000665053217577,130.8463080315407,-0.02607814994803548,0.014043756319000344,,99.128838,1.69,1.0000665053217577,16.86198309090231,-0.026008486697739697,0.014044038378386858,,99.1274,13.086056143447099,1.0004881306115836,13.086056143447099,-0.0260618109826799,0.014045906192184265,,,
2008-09-30,89.79215,0.9,1.0000355551613216,130.96117595045314,-0.15863511641079575,-0.09505214892843994,SELL,89.793518,0.9,1.0000355551613216,16.876785961044593,-0.1585648710643488,-0.09505148895305959,SELL,89.79215,13.0979495433035,1.0004885481395935,13.0979495433035,-0.1586524981491324,-0.0950831251581652,SELL,,
2008-10-31,74.95969000000001,0.435,1.0000172246169865,131.0339739484385,-0.3083789468384207,-0.1657424750387445,SELL,74.960823,0.435,1.0000172246169865,16.8861673385519,-0.30830877828619907,-0.16574257554411387,SELL,74.95969000000001,13.1054705833041,1.0004888121495865,13.1054705833041,-0.3084347857069204,-0.16576081545666044,SELL,,
2008-11-28,69.742,0.03,1.0000011902983632,131.05046068890712,-0.2963557815113841,-0.0697324315833523,SELL,69.743042,,,,-0.29615829138227856,-0.0696067731273442,SELL,69.742,13.107329681680698,1.0004888774065561,13.107329681680698,-0.29642196964562106,-0.06974846790033151,SELL,,
2008-12-31,70.42548000000001,0.09,1.000003569828764,131.05246233319605,-0.28155436452557814,0.009784846599950825,,70.42627,,,,-0.2814150392177167,0.009796360760977452,,70.42548000000001,13.1074986913346,1.0004888833389798,13.1074986913346,-0.28161533443553155,0.009787226158205042,,,
2009-01-30,64.64255,0.22,1.0000087206076413,131.06436424303772,-0.34955064339262576,-0.08220499021699634,SELL,64.64328,0.22,1.0000087206076413,16.889999944123332,-0.34954777229663825,-0.0823410703281926,SELL,64.64255,13.1086215675123,1.0004889227529379,13.1086215675123,-0.3496085239005845,-0.08219983901526273,SELL,,
2009-02-27,57.696769999999994,0.25,1.0000099083038432,131.09223091046806,-0.3584415391774822,-0.1076616591045203,SELL,57.697407,0.25,1.0000099083038432,16.893591065280177,-0.35843927100532447,-0.10766188437465118,SELL,57.696769999999994,13.1113931266405,1.0004890200354737,13.1113931266405,-0.3584672114458203,-0.10766047116756305,SELL,,
2009-03-31,62.50386999999999,0.2,1.000007928613426,131.11499462208906,-0.16678522724306244,0.08314297586896657,,62.504222999999996,0.2,1.000007928613426,16.89652457882696,-0.16678815955697734,0.08313713379206877,,62.50386999999999,13.113695835422499,1.0004891008594194,13.113695835422499,-0.1667945289207614,0.08314099585048274,,,
2009-04-30,68.71339,0.125,1.0000049572321301,131.1309822945314,-0.015363220459888138,0.09922423222243948,,68.713753,0.125,1.0000049572321301,16.898584877888553,-0.015493671314641855,0.09922383114237965,,68.71339,13.115333840832902,1.0004891583516062,13.115333840832902,-0.015359451230277266,0.09922126049356028,,,
2009-05-29,72.72991999999999,0.13,1.0000051553931764,131.14803715948815,0.031992392945303205,0.05832332173585697,,72.730347,0.13,1.0000051553931764,16.90078270389435,0.0318506353828345,0.05832394433934818,,72.72991999999999,13.1170370188188,1.0004892181303995,13.1170370188188,0.03199397965786521,0.0583235199216523,,,
2009-06-30,72.68243000000001,0.18,1.0000071364617398,131.1666543713263,0.12359396799261235,-0.0007949194353188416,,72.682716,0.18,1.0000071364617398,16.903181866387694,0.12358569500073346,-0.0007968542698179037,,72.68243000000001,13.118873067779699,1.0004892825717449,13.118873067779699,0.12359238262166716,-0.0007929380996744007,,,
2009-07-31,78.10497,0.175,1.000006938399206,131.18636588818094,0.3529966926260748,0.07445564766694424,,78.105232,0.175,1.000006938399206,16.90572204975864,0.3529862880629806,0.07445502389698411,,78.10497,13.120847149953999,1.0004893518565952,13.120847149953999,0.35299372060943024,0.07445544957602657,,,
2009-08-31,80.99014,0.13,1.0000051553931764,131.20402641397,0.2950829704898361,0.03680502507862782,,80.99041700000001,0.13,1.0000051553931764,16.90799792605281,0.2950800842210428,0.036805093215068974,,80.99014,13.122636897700698,1.0004894146707735,13.122636897700698,0.2950801954007811,0.03680324184175876,,,
2009-09-30,83.86208,0.115,1.0000045608804664,131.2162552462706,0.21981169146421653,0.03536716121325201,,83.86215200000001,0.115,1.0000045608804664,16.909573830976065,0.21980629185085676,0.03536450876955155,,83.86208,13.12386779144,1.000489457870465,13.12386779144,0.21981129485661377,0.03536656664783733,,,
2009-10-30,82.2498,0.045,1.0000017853142142,131.22356884191927,0.13031765857387945,-0.019281112723466887,,82.249863,0.045,1.0000017853142142,16.910516319277978,0.13031188530895887,-0.01928120353645868,,82.2498,13.1246357041118,1.000489484821044,13.1246357041118,0.13031428656001487,-0.01928388843946527,,,
2009-11-30,87.31696,0.05,1.0000019836330851,131.22791597031525,0.20088188511314775,0.06157383066528266,,87.317001,0.05,1.0000019836330851,16.91104968734547,0.2008793097320627,0.06157510303477198,,87.31696,13.125067889499302,1.0004894999888947,13.125067889499302,0.20087672988808536,0.061574028990333485,,,
2009-12-31,88.98494000000001,0.05,1.0000019836330851,131.2327057378095,0.13894609333821628,0.019066089396452712,,88.984848,0.05,1.0000019836330851,16.911630033832996,0.13894486396705985,0.019066739258112086,,88.98494000000001,13.125546949332499,1.0004895168017696,13.125546949332499,0.1389411368317195,0.0190660893964536,,,
2010-01-29,85.75101,0.07,1.0000027768098643,131.2377298696633,0.05852645022787928,-0.03638072591036845,,85.750893,0.07,1.0000027768098643,16.912277481118906,0.058525154291514836,-0.0363810444309397,,85.75101,13.1260390384183,1.0004895340718398,13.1260390384183,0.058524071040163106,-0.036379932705429385,,,
2010-02-26,88.42599,0.115,1.0000045608804664,131.2471258493691,0.0541863519345247,0.031123139505956576,,88.425888,0.115,1.0000045608804664,16.913488317485463,0.05418800018078462,0.0311233569938838,,88.42599,13.1269553792769,1.000489566231002,13.1269553792769,0.054186351934527366,0.03112492369615394,,,
2010-03-31,93.80964,0.15,1.0000059479388148,131.26385959646038,0.1402384699162007,0.06075562017938929,,93.809242,0.15,1.0000059479388148,16.915644753552957,0.1402365274656019,0.06075234297258336,,93.80964,13.128610829871599,1.000489624328708,13.128610829871599,0.1402426337941287,0.06075700740633683,,,
2010-04-30,95.26088,0.155,1.0000061460505927,131.2804643539702,0.09057753664974433,0.015343552824857332,,95.260452,0.155,1.0000061460505927,16.917784567056227,0.0905743055082815,0.01534329866099382,,95.26088,13.1302689858212,1.0004896825205087,13.1302689858212,0.09058170070844018,0.015343750960475244,,,
2010-05-28,87.69197,0.15,1.0000059479388148,131.29603006195697,-0.015012746139377975,-0.07957311464389583,SELL,87.69158900000001,0.15,1.0000059479388148,16.919790480850406,-0.015016008905859968,-0.07957297824464593,SELL,87.69197,13.1318284216979,1.0004897372470238,13.1318284216979,-0.015008779944326256,-0.07957331277798518,SELL,,
2010-06-30,83.15491,0.17,1.0000067403268253,131.30894415524003,-0.030817497830876173,-0.05183696134458293,SELL,83.154335,0.17,1.0000067403268253,16.921454687700358,-0.03082288019067192,-0.05183939843587215,SELL,83.15491,13.1331096434582,1.000489782209389,13.1331096434582,-0.03081353218989502,-0.05183616888397358,SELL,,
2010-07-30,88.83444,0.14,1.000005551685703,131.32513833446507,0.0040247232167665015,0.06817726820642211,,88.83382399999999,0.14,1.000005551685703,16.92354159100862,0.004018915767592723,0.06817724743592657,,88.83444,13.1347449469749,1.0004898395969328,13.1347449469749,0.004025714605431663,0.06817607942530812,,,
2010-08-31,84.83861999999999,0.135,1.0000053535443671,131.34175141845895,-0.09622344283106321,-0.0451070312793449,SELL,84.838074,0.135,1.0000053535443671,16.925682477525008,-0.0962254262258071,-0.04510655519947915,SELL,84.83861999999999,13.1364091404691,1.0004898979974612,13.1364091404691,-0.09622403757504128,-0.045107229444687924,SELL,,
2010-09-30,92.43642,0.155,1.0000061460505927,131.35719486209132,-0.03023421432947071,0.08943833001850399,,92.435677,0.155,1.0000061460505927,16.927672635418133,-0.03023765426787539,0.08943658431088641,,92.43642,13.1379433356645,1.0004899518352808,13.1379433356645,-0.030234214329467157,0.08943912261304421,,,
2010-10-29,95.96769,0.11,1.0000043626898472,131.3709481026326,0.09380200502574088,0.038097449108607684,,95.96691899999999,0.11,1.0000043626898472,16.92936776825031,0.0938025311104913,0.0381020146021771,,95.96769,13.1393423246014,1.0004900009278224,13.1393423246014,0.09380041887914592,0.03809566556892219,,,
2010-11-30,95.96769,0.16,1.0000063441525198,131.38522344526277,0.15350234994093026,-0.00010866438003476198,,95.96691899999999,0.16,1.0000063441525198,16.931106682316614,0.15351157318177844,-0.00010271583027243736,,95.96769,13.1407440653089,1.0004900501163212,13.1407440653089,0.15350195353899676,-0.00010668271461922174,,,
2010-12-31,102.3832,0.115,1.0000045608804664,131.39981323688727,0.15194834816361213,0.06673968270557573,,102.382538,0.115,1.0000045608804664,16.932986812455987,0.15195940265214158,0.06674135559362315,,102.3832,13.1422267272013,1.0004901021437655,13.1422267272013,0.1519473567994991,0.06673789924363271,,,
2011-01-31,104.7687,0.145,1.0000057498171853,131.41469018991396,0.23436220533069796,0.023186502066463666,,104.76804399999999,0.145,1.0000057498171853,16.934903947976995,0.2343729351947701,0.02318671132495398,,104.7687,13.143699049771199,1.0004901538077253,13.143699049771199,0.23436260182129676,0.02318769113094965,,,
2011-02-28,108.4081,0.135,1.0000053535443671,131.426911906663,0.1722548311976877,0.0346444729281441,,108.407402,0.135,1.0000053535443671,16.936478913446425,0.17226722119037197,0.034644289549546015,,108.4081,13.144926637788599,1.000490196883411,13.144926637788599,0.17225403827509078,0.03464407662060087,,,
2011-03-31,108.4214,0.09,1.000003569828764,131.43772913481914,0.12926148206413468,4.0378523446849e-05,,108.420441,0.09,1.000003569828764,16.9378728878913,0.1292665165558735,3.79717286957959e-05,,108.4214,13.146031993251901,1.0004902356695955,13.146031993251901,0.12926068880284003,3.859466739775108e-05,,,
2011-04-29,111.5614,0.04,1.0000015869854708,131.44276119790624,0.16205123523920117,0.028922787491723945,,111.560455,0.04,1.0000015869854708,16.938521350440787,0.16205072755537864,0.02892317278501233,,111.5614,13.1465613535269,1.0004902542443603,13.1465613535269,0.16204647599639022,0.028920804575665482,,,
2011-05-31,110.3103,0.04,1.0000015869854708,131.44596849988685,0.07707453039740697,-0.011238853060758891,,110.30936399999999,0.04,1.0000015869854708,16.938934663068896,0.07707235479078212,-0.011238867381760609,,110.3103,13.1468821394864,1.0004902655004022,13.1468821394864,0.07707155546252409,-0.011238853060760445,,,
2011-06-30,108.4491,0.015,1.000000595193634,131.44917591010707,0.03486639326107843,-0.016896805459078235,,108.44846299999999,0.015,1.000000595193634,16.939347989645423,0.03486679457143271,-0.016894238066618494,,108.4491,13.147215975552498,1.0004902772143247,13.147215975552498,0.034861237287928226,-0.01689779727452445,,,
2011-07-29,106.2796,0.09,1.000003569828764,131.45212238519812,-0.019825963009769576,-0.0200271917523831,SELL,106.279022,0.09,1.000003569828764,16.93972769051889,-0.01982498249213771,-0.02002676521837643,SELL,106.2796,13.147471565673099,1.0004902861826641,13.147471565673099,-0.019827747061161083,-0.020024217061193728,SELL,,
2011-08-31,100.4368,0.015,1.000000595193634,131.45397390735496,-0.07376772590324843,-0.054989828372878025,SELL,100.436256,0.015,1.000000595193634,16.939966289033553,-0.07376454960850898,-0.054989807446637395,SELL,100.4368,13.147695859170101,1.0004902940528273,13.147695859170101,-0.07377070090425064,-0.0549928030481357,SELL,,
2011-09-30,93.46437,0.01,1.0000003968056357,131.45483457963977,-0.16230772671939342,-0.06942761609961123,SELL,93.463875,0.01,1.0000003968056357,16.94007720054925,-0.16230506712107018,-0.0694275042382273,SELL,93.46437,13.1477845498085,1.0004902971648606,13.1477845498085,-0.16230891700807637,-0.06942781448882873,SELL,,
2011-10-31,103.6657,0.005,1.000000198407758,131.45613860242887,-0.06031290654902721,0.10913680625001176,,103.665207,0.005,1.000000198407758,16.94024524493339,-0.06030940168303367,0.10913740570760355,,103.6657,13.147917583432,1.0004903018328242,13.147917583432,-0.06031429523389786,0.10913660785020474,,,
2011-11-30,103.2445,0.015,1.000000595193634,131.4569992862789,-0.04805069378562843,-0.004069607703265032,SELL,103.243935,0.015,1.000000595193634,16.940346075153307,-0.048049716535651155,-0.004069726372301519,SELL,103.2445,13.1479984499612,1.0004903046703146,13.1479984499612,-0.04805069378563176,-0.004069210915031873,SELL,,
2011-12-30,104.3233,0.005,1.000000198407758,131.457703492749,-0.01844956463131897,0.010443625820520941,,104.32268499999999,0.005,1.000000198407758,16.94043682346931,-0.018449417660288958,0.010443198712384083,,104.3233,13.148074099888198,1.0004903073247604,13.148074099888198,-0.018452936194799374,0.010443229032600865,,,
2012-01-31,109.1613,0.055,1.0000021819420846,131.46049389288012,0.08681597218602732,0.0463538401393242,,109.16056100000002,0.055,1.0000021819420846,16.940796411351016,0.08681509637500873,0.04635292490852927,,109.1613,13.148327108649099,1.000490316202456,13.148327108649099,0.08681755900971688,0.0463558237114281,,,
2012-02-29,113.8995,0.075,1.000002975079388,131.46915018840835,0.21853195612465925,0.043339645481243805,,113.898743,0.075,1.000002975079388,16.94191191408402,0.2185309061184708,0.04333977443495107,,113.8995,13.149182459098899,1.0004903462152663,13.149182459098899,0.21853453467151152,0.04334043866840798,,,
2012-03-30,117.5628,0.065,1.0000025785304731,131.4775988946877,0.13389362646714176,0.0320983005727582,,117.562172,0.065,1.0000025785304731,16.943000665607606,0.13389355702192995,0.03209964691826861,,117.5628,13.1500326900568,1.0004903760482184,13.1500326900568,0.13389600697227144,0.03209790399938428,,,
2012-04-30,116.77799999999999,0.09,1.000003569828764,131.48555254745912,0.13086483701850038,-0.006736075407893227,,116.777359,0.09,1.000003569828764,16.944025621534184,0.13086481824117002,-0.006736221647661966,,116.77799999999999,13.1508151564786,1.0004904035032474,13.1508151564786,0.13086781228911737,-0.006735084053174911,,,
2012-05-31,109.7648,0.06,1.0000023802412137,131.4948104647278,0.05187769501061679,-0.060126242582601686,,109.764214,0.06,1.0000023802412137,16.945218652892866,0.05187828048615861,-0.060126101252025776,,109.7648,13.151756752435698,1.0004904365415315,13.151756752435698,0.05187987745474998,-0.06012743225107675,,,
2012-06-29,114.2194,0.08,1.0000031733390453,131.50359960805562,0.04600811972593055,0.040516297534015644,,114.218552,0.08,1.0000031733390453,16.946351275198907,0.04600743488443082,0.04051412726127768,,114.2194,13.152625387583301,1.0004904670195578,13.152625387583301,0.04600911144482289,0.04051709068234444,,,
2012-07-31,115.5706,0.1,1.0000039662790288,131.5130932632853,0.01433745991338986,0.011757671158118654,,115.56967900000001,0.1,1.0000039662790288,16.947527625118862,0.014338895280152641,0.011759896864350416,,115.5706,13.153564486700402,1.0004904999697093,13.153564486700402,0.014338451440407685,0.01175846415220061,,,
2012-08-31,118.4659,0.085,1.0000033715888368,131.52410022615337,0.007328169199666279,0.024968524356693944,,118.46498899999999,0.085,1.0000033715888368,16.9489460451609,0.007328580782346661,0.02496881053118316,,118.4659,13.154673194656501,1.000490538870572,13.154673194656501,0.0073289625358503585,0.02496792961873595,,,
2012-09-28,121.4695,0.09,1.000003569828764,131.53372533431752,0.03980814594105375,0.025280950115217582,,121.468246,0.09,1.000003569828764,16.950186391520802,0.0398058949763922,0.025278249719184576,,121.4695,13.1556332631319,1.0004905725558648,13.1556332631319,0.03980814594105708,0.025281148368941464,,,
2012-10-31,119.259,0.105,1.0000041644893682,131.54431638723082,0.0861193671997893,-0.018278503531773516,,119.257706,0.105,1.0000041644893682,16.951551215032858,0.08611615663451233,-0.018279020706211346,,119.259,13.1566847267223,1.0004906094475512,13.1566847267223,0.08612115211225446,-0.018277908825764633,,,
2012-11-30,119.9339,0.075,1.000002975079388,131.55383387499396,0.04964890625499896,0.005586759731594393,,119.93267800000001,0.075,1.000002975079388,16.95271717451638,0.04965235231098375,0.0055909949443881946,,119.9339,13.1576522882917,1.000490643395147,13.1576522882917,0.04964870792019327,0.005585570239096782,,,
2012-12-31,121.0053,0.035,1.0000013886468542,131.55986677314667,0.04666927872946425,0.008887395288764921,,121.00421100000001,0.035,1.0000013886468542,16.953460975975275,0.04667375522616202,0.008890578985726316,,121.0053,13.1582765568119,1.0004906652979049,13.1582765568119,0.04666670018411634,0.00888580878568268,,,
2013-01-31,127.1996,0.065,1.0000025785304731,131.56691774028008,0.07339777579370077,0.051136724640675535,,127.198479,0.065,1.0000025785304731,16.95436959878763,0.07340212529906687,0.05113692088391342,,127.1996,13.1589661186351,1.0004906894913697,13.1589661186351,0.07339698247920245,0.05113791458500039,,,
2013-02-28,128.8225,0.1,1.0000039662790288,131.57570070378384,0.06021459173821775,0.012691931294537495,,128.821304,0.1,1.0000039662790288,16.95550141529571,0.06022124937062334,0.012691454107142341,,128.8225,13.159826304330199,1.0004907196710136,13.159826304330199,0.06021498831342709,0.012693319130229419,,,
2013-03-28,133.7139,0.065,1.0000025785304731,131.58395243470517,0.12090463345591451,0.03790736040087439,,133.712875,0.065,1.0000025785304731,16.956564774522118,0.12091375932606052,0.03790904034202658,,133.7139,13.1606698825496,1.0004907492677617,13.1606698825496,0.12090304702323817,0.03790597256886152,,,
2013-04-30,136.2828,0.045,1.0000017853142142,131.59015933424257,0.13603979449387293,0.019164743751159286,,136.28178400000002,0.045,1.0000017853142142,16.957364626571767,0.13604488523071212,0.019164958331933102,,136.2828,13.161301119530599,1.0004907714144227,13.161301119530599,0.13603860440230053,0.019163950498903404,,,
2013-05-31,139.5004,0.03,1.0000011902983632,131.59433086310332,0.1525834061639184,0.023578028262715156,,139.499359,0.03,1.0000011902983632,16.957902190598578,0.15258517840479735,0.023578020833144864,,139.5004,13.1617261762809,1.000490786327275,13.1617261762809,0.15258320776370415,0.023577433228709088,,,
2013-06-28,137.6388,0.03,1.0000011902983632,131.5987216921088,0.0818277083356378,-0.013378131002249272,,137.637833,0.03,1.0000011902983632,16.958468014736464,0.08182964231979173,-0.013377700117832014,,137.6388,13.1621653356936,1.000490801734852,13.1621653356936,0.08182631976959942,-0.01337813100224905,,,
2013-07-31,144.7516,0.03,1.0000011902983632,131.60160395681265,0.12345466644754866,0.05165538675128589,,144.75058,0.03,1.0000011902983632,16.958815887943693,0.12345856960245394,0.05165675342641074,,144.7516,13.162453612388802,1.00049081184879,13.162453612388802,0.1234518899236765,0.05165538675128101,,,
2013-08-30,140.4102,0.02,1.000000793571754,131.60569749464625,0.049914054956763376,-0.030023174703764033,,140.40910300000002,0.02,1.000000793571754,16.959343400925018,0.049915289255882955,-0.030023917995504634,,140.4102,13.1628682595577,1.000490826396282,13.1628682595577,0.049912269704488255,-0.03002357144239398,,,
2013-09-30,144.8536,0.005,1.000000198407758,131.60669492618388,0.06276415462415375,0.03163827015185516,,144.85257,0.005,1.000000198407758,16.959471934752106,0.06276590956771932,0.031638994574234136,,144.8536,13.162975854254901,1.0004908301711284,13.162975854254901,0.06276256751859544,0.031637674983460595,,,
2013-10-31,151.5613,0.033,1.0000013093086428,131.61110170190588,0.08633037313350922,0.04627326941930421,,151.560211,0.033,1.0000013093086428,16.96003981307487,0.08633206305060614,0.04627319138103769,,151.5613,13.1634019858223,1.0004908451214696,13.1634019858223,0.08633049215879418,0.046274380355932676,,,
2013-11-29,156.0532,0.063,1.0000024992159535,131.61728878240046,0.13364676764848515,0.029590502682580677,,156.052109,,,,0.13369521020639352,0.02963771276354321,,156.0532,13.164005137685301,1.0004908662822707,13.164005137685301,0.13364807674747192,0.029591692642856104,,,
2013-12-31,160.0993,0.063,1.0000024992159535,131.6235337213428,0.1058612060438664,0.025880248742287115,,160.097992,0.063,1.0000024992159535,16.961560444976033,0.10586476447203652,0.025836827468850077,,160.0993,13.1646297395828,1.0004908881955,13.1646297395828,0.10586251517630174,0.025880248742289558,,,
2014-01-31,154.4561,0.01,1.0000003968056357,131.627434711231,0.09986958604282581,-0.035277761613264014,,154.454803,0.01,1.0000003968056357,16.962063142889644,0.0998737441079105,-0.035277980882387316,,154.4561,13.165047584300098,1.0004909028548936,13.165047584300098,0.09986918921133014,-0.035279864085056234,,,
2014-02-28,161.4863,0.043,1.0000017059839017,131.63143490666215,0.11463622450906552,0.04548545531639059,,161.48494,0.043,1.0000017059839017,16.96257862484548,0.1146395638323836,0.04548542963931124,,161.4863,13.1654304379773,1.0004909162866369,13.1654304379773,0.11463773236604369,0.04548676453221079,,,
2014-03-31,162.8256,0.027999999999999997,1.0000011109562017,131.63610897902004,0.07413173421044994,0.008258074014006356,,162.824524,0.028,1.0000011109562017,16.963180945407625,0.07413715503969787,0.008259902539146768,,162.8256,13.165905760485101,1.0004909329624223,13.165905760485101,0.07413153582054433,0.008257478965836285,,,
2014-04-30,163.9575,0.02,1.000000793571754,131.6384123542988,0.05049082396617299,0.006934111524435904,,163.956421,0.02,1.000000793571754,16.96347776800398,0.05044903822877944,0.006934139038299314,,163.9575,13.166140316892099,1.0004909411913618,13.166140316892099,0.050489118049589665,0.006933794134688753,,,
2014-05-30,167.7623,0.03,1.0000011902983632,131.64084113677444,0.04773255257700049,0.02318756334511418,,167.76123,0.03,1.0000011902983632,16.96379075109753,0.04773443021560264,0.02318777095692126,,167.7623,13.1663780141103,1.000490949530473,13.1663780141103,0.04773124348885882,0.02318796007857049,,,
2014-06-30,171.2255,0.02,1.000000793571754,131.64350496302097,0.10844856642789069,0.02062325823963973,,171.224655,0.02,1.000000793571754,16.964134022916927,0.10845240454835259,0.020624731098048965,,171.2255,13.166649666707402,1.0004909590608164,13.166649666707402,0.10844896324213371,0.020622861505315226,,,
2014-07-31,168.9246,0.018000000000000002,1.0000007142216913,131.6454794356817,0.04595479666388913,-0.013452833535253839,,168.923813,0.018,1.0000007142216913,16.964383749578275,0.045959010702469216,-0.01345228334301718,,168.9246,13.1668481932473,1.0004909660256758,13.1668481932473,0.04595380479656663,-0.013452912886451007,,,
2014-08-29,175.59099999999998,0.018000000000000002,1.0000007142216913,131.6478561214782,0.07830998026419089,0.03944570707147621,,175.590134,0.018,1.0000007142216913,16.964690019190247,0.07831206587779116,0.03944542326293865,,175.59099999999998,13.1670859033549,1.0004909743651873,13.1670859033549,0.07830958349456085,0.03944570707147865,,,
2014-09-30,173.1687,0.013000000000000001,1.0000005158396201,131.6491620631013,0.056098751725346396,-0.013805046135079824,,173.167679,0.013,1.0000005158396201,16.96485830825679,0.05609975299283709,-0.01380599690933737,,173.1687,13.1672191324744,1.0004909790392162,13.1672191324744,0.056098473970670915,-0.013805244519020654,,,
2014-10-31,177.2469,0.003,1.0000001190458405,131.6504366794897,0.05646305217440628,0.02354076339922284,,177.245895,0.003,1.0000001190458405,16.965022560623375,0.05646407801071485,0.02354099464910031,,177.2469,13.1673518411306,1.0004909836949807,13.1673518411306,0.05646198084392018,0.023540366601648266,,,
2014-11-28,182.1163,0.01,1.0000003968056357,131.65165383711422,0.06354311103181343,0.02746316740086452,,182.115204,,,,0.06355148265873445,0.027472055135607132,,182.1163,13.1674699208396,1.000490987837519,13.1674699208396,0.0635427142412941,0.02746344516312238,,,
2014-12-31,181.6542,0.037000000000000005,1.0000014679834857,131.65368064229503,0.0752943999337099,-0.0025527847816472216,,181.65325900000002,0.037,1.0000014679834857,16.9654203958979,0.07529502981026481,-0.0025600040539524027,,181.6542,13.167658531937999,1.00049099445447,13.167658531937999,0.07529515374135509,-0.002551713588881621,,,
2015-01-30,176.2719,0.005,1.000000198407758,131.65525826732858,0.0038215345265935063,-0.029641355875420494,,176.270996,0.005,1.000000198407758,16.96562369497613,0.003822527681628385,-0.029641305676704643,,176.2719,13.167833039425002,1.000491000576621,13.167833039425002,0.003821018683759503,-0.02964262546610752,,,
2015-02-27,186.1792,0.008,1.0000003174476702,131.6562351785481,0.07507821080858945,0.056197227257448246,,186.178238,0.008,1.0000003174476702,16.965749583667186,0.07508018493842927,0.05619718646231542,,186.1792,13.1679291801582,1.0004910039494699,13.1679291801582,0.07507801240604417,0.05619734629820283,,,
2015-03-31,183.255,0.025,1.0000009919399968,131.65819933636746,0.03383782049868711,-0.01572129205091488,,183.254196,0.025,1.0000009919399968,16.966002692907782,0.033840337160751854,-0.015720524558051174,,183.255,13.168116748547002,1.0004910105298135,13.168116748547002,0.03383869344345203,-0.015720617549190852,,,
2015-04-30,185.0571,0.005,1.000000198407758,131.65970910521827,0.016086736829989956,0.009822370758140408,,185.056274,0.005,1.000000198407758,16.966197247766633,0.016080261108620153,0.009822293850793029,,185.0571,13.1682782012134,1.0004910161939469,13.1682782012134,0.016086538420008623,0.009821577216955424,,,
2015-05-29,187.4362,0.003,1.0000001190458405,131.66056067464066,0.03177744864855603,0.012849564045447792,,187.435379,0.003,1.0000001190458405,16.96630698441187,0.03177827413198231,0.012849648447246897,,187.4362,13.168364418145499,1.0004910192186331,13.168364418145499,0.03177609964058026,0.0128494846830296,,,
2015-06-30,183.6291,0.01,1.0000003968056357,131.66136001108654,0.041691446207279936,-0.02031751583216146,,183.628174,0.01,1.0000003968056357,16.96640999010663,0.041691535450348205,-0.02031816499293715,,183.6291,13.168440708141599,1.000491021895058,13.168440708141599,0.04169164461427166,-0.020317238070792443,,,
2015-07-31,187.7771,0.057999999999999996,1.0000023009227463,131.6638569841206,0.00852469967832814,0.022570047191439846,,187.77623,0.058,1.0000023009227463,16.96673176004905,0.008525238175491667,0.022570466067387773,,187.7771,13.1686653744829,1.000491029776849,13.1686653744829,0.008526683263669899,0.022571951340283114,,,
2015-08-31,176.3321,0.003,1.0000001190458405,131.66990534459754,-0.03786632609543095,-0.060995862034079584,SELL,176.33123799999998,0.003,1.0000001190458405,16.967511175996226,-0.0378668083383632,-0.060996101821799154,SELL,176.3321,13.169299048977498,1.0004910520074641,13.169299048977498,-0.03786719906709812,-0.06099804401095921,SELL,,
2015-09-30,171.8332,0.005,1.000000198407758,131.67207338995598,-0.07155239589821494,-0.025530254800105734,SELL,171.83196999999998,0.005,1.000000198407758,16.967790559001422,-0.07155489797338654,-0.0255324665062705,SELL,171.8332,13.169514846366901,1.0004910595780556,13.169514846366901,-0.07155239589820983,-0.025530175436892177,SELL,,
2015-10-30,186.4492,0.068,1.000002697499292,131.6735727411413,-0.005364622178160916,0.08504784484996986,,186.447968,0.068,1.000002697499292,16.96798377139819,-0.005366837998979634,0.08504844207792006,,186.4492,13.169631895652001,1.000491063684366,13.169631895652001,-0.005362043476834222,0.08505034396321909,,,
2015-11-30,187.1307,0.17,1.0000067403268253,131.68473779880836,0.018891313096304874,0.0035703576493704148,,187.129456,0.17,1.0000067403268253,16.96942254543126,0.018889677496402246,0.0035703174405445903,,187.1307,13.1706953475856,1.0004911009920767,13.1706953475856,0.018897657701087978,0.0035744007924556342,,,
2015-12-31,183.8962,0.14800000000000002,1.0000058686913453,131.70841308426043,-0.021005997373856444,-0.017464498251611782,SELL,183.89536999999999,0.148,1.0000058686913453,16.972473437504537,-0.02100588011089377,-0.017462400784819754,SELL,183.8962,13.1730747575831,1.0004911844645805,13.1730747575831,-0.021002428418838925,-0.017465370038683203,SELL,,
2016-01-29,174.7414,0.3,1.000011887011046,131.7321403032153,-0.009493705028457367,-0.04996258121862884,SELL,174.739838,0.3,1.000011887011046,16.975531021936895,-0.009497718929510346,-0.04996678643281249,SELL,174.7414,13.1753685887186,1.000491264933222,13.1753685887186,-0.00948193164096467,-0.04995656188628361,SELL,,
2016-02-29,174.5963,0.308,1.0000122035130214,131.76296120654922,0.015389869999124839,-0.0010643363726813293,,174.59552,0.308,1.0000122035130214,16.979502726939693,0.015392603940650229,-0.0010598685708853584,,174.5963,13.178447012191501,1.0004913729231675,13.178447012191501,0.015401883244411385,-0.0010640198005203994,,,
2016-03-31,186.3404,0.193,1.0000076513782514,131.79490383776388,-0.001504990631735481,0.06702188705111056,,186.33989,0.193,1.0000076513782514,16.98361898228831,-0.0015011220935597924,0.06702373398374273,,186.3404,13.1817018008936,1.0004914870967574,13.1817018008936,-0.001500032225947301,0.06701733384762831,,,
2016-04-29,187.0755,0.193,1.0000076513782514,131.81881734996966,-0.0013131669544778068,0.0037634859970638868,,187.074249,0.193,1.0000076513782514,16.986700573214844,-0.0013132063227141444,0.0037595201898226183,,187.0755,13.184093553364502,1.000491570994118,13.184093553364502,-0.0013122549824097218,0.003763485997065441,,,
2016-05-31,190.2572,0.28300000000000003,1.000011214360853,131.84687325213525,0.03353890264221571,0.016794734956890434,,190.256683,0.283,1.000011214360853,16.990315969096695,0.03354076081753199,0.016798772265479878,,190.2572,13.1868526301705,1.0004916677742064,13.1868526301705,0.033544253871416796,0.016798298657862976,,,
2016-06-30,190.9144,0.248,1.0000098291351107,131.8762063108831,0.09146028271016604,0.003231793147653761,,190.91798400000002,0.248,1.0000098291351107,16.994095944489143,0.09149055954497243,0.0032533576246212004,,190.9144,13.1898046884306,1.0004917713208998,13.1898046884306,0.0914582226039291,0.003230407627346832,,,
2016-07-29,197.882,0.24,1.0000095124444484,131.905599324651,0.1322862698733569,0.03627305407265213,,197.88104199999998,0.24,1.0000095124444484,16.997883645925548,0.132285846195066,0.036248578633816475,,197.882,13.1927486545767,1.0004918745810747,13.1927486545767,0.13228357591723516,0.036272737314418046,,,
2016-08-31,198.11900000000003,0.32,1.000012678218846,131.93966742493888,0.06211172463417536,0.0009394070910142549,,198.117996,0.32,1.000012678218846,17.002273797728773,0.06210924656661798,0.0009391804264549108,,198.11900000000003,13.196114254377502,1.0004919926268534,13.196114254377502,0.06211675693245122,0.0009425736429056197,,,
2016-09-30,198.1305,0.26,1.0000103041239097,131.9696705660203,0.05794939014628331,-0.0001693545382317474,,198.129486,0.26,1.0000103041239097,17.006140122613576,0.05795105219400498,-0.0001694047190432535,,198.1305,13.1991463924601,1.0004920989737298,13.1991463924601,0.05795204590037528,-0.00017172914856478094,,,
2016-10-31,194.6955,0.295,1.0000116891845425,132.00340609769842,0.02214066294036998,-0.01759268909667322,,194.69451899999999,0.295,1.0000116891845425,17.010278487259352,0.022150584586526634,-0.017580325644148576,,194.6955,13.202502216656,1.0004922166700163,13.202502216656,0.022141138322224085,-0.01759130369817441,,,
2016-11-30,201.8678,0.46799999999999997,1.000018528278187,132.05086353548208,0.05604895399677412,0.03647903368750005,,201.86676,0.468,1.000018528278187,17.016085410239953,0.056054112622208274,0.0364970557303661,,201.8678,13.2071584136309,1.0004923799675387,13.2071584136309,0.056057664499628235,0.03648587511315582,,,
2016-12-30,205.96,0.48,1.000019002231063,132.1045328969482,0.03931415716265718,0.01986525329242972,,205.958908,0.48,1.000019002231063,17.0230012486841,0.03934413869817721,0.019865100134722757,,205.96,13.212519929928,1.0004925679930343,13.212519929928,0.039323661080705063,0.01986572742892312,,,
2017-01-31,209.6456,0.5,1.0000197920272527,132.15655840449074,0.05653631980203366,0.01750091608212312,,209.644501,0.5,1.0000197920272527,17.02970525997305,0.056566600333850525,0.017500976973164883,,209.6456,13.2177128554672,1.0004927500976877,13.2177128554672,0.05654344516355625,0.017501706173713272,,,
2017-02-28,217.8829,0.523,1.000020700099359,132.20729798213745,0.09789326720008074,0.038907611885036,,217.88179,0.523,1.000020700099359,17.036243566227167,0.09792376286119975,0.038907765389708526,,217.8829,13.2227755959967,1.0004929276290258,13.2227755959967,0.09790368167915875,0.03890852028697611,,,
2017-03-31,218.1553,0.738,1.000029178604438,132.29425819597705,0.1182914558369561,0.0005924563115837778,,218.15411400000002,0.738,1.000029178604438,17.047449266715372,0.11830918293731019,0.0005921138678040005,,218.1553,13.231360783180001,1.0004932286612962,13.231360783180001,0.11830898328105666,0.0006009401459117214,,,
2017-04-28,220.3208,0.78,1.0000308327660516,132.37228090070357,0.08897726764742875,0.00933664843407711,,220.31956499999998,0.78,1.0000308327660516,17.05750327902563,0.08897677260684711,0.00933647778741098,,220.3208,13.2391422957871,1.0004935014937624,13.2391422957871,0.08898960170464099,0.00933830352022924,,,
2017-05-31,223.4301,0.95,1.0000375211752142,132.47342380092365,0.0820303644212741,0.013348523924354705,,223.42889399999999,0.95,1.0000375211752142,17.070536561676768,0.08203026064560515,0.013348734659450967,,223.4301,13.249169435279802,1.000493853034019,13.249169435279802,0.08204893438126248,0.013355217192846602,,,
2017-06-30,224.8546,0.993,1.0000392111715977,132.585247356386,0.0693024436649694,0.005531475096425709,,224.85322599999998,0.993,1.0000392111715977,17.084946154463065,0.0693015122230205,0.005530757592844049,,224.8546,13.2603309240106,1.0004942443068279,13.2603309240106,0.06932192503717016,0.005533166453049798,,,
2017-07-31,229.4763,1.053,1.0000415681087473,132.6956567030819,0.04951542939026776,0.019721429129621493,,229.47492999999997,1.053,1.0000415681087473,17.098503059850923,0.049553861627873896,0.01976081480407288,,229.4763,13.2713420842769,1.0004946302721487,13.2713420842769,0.049536373613100926,0.019723787931446912,,,
2017-08-31,230.1458,0.978,1.0000386217193882,132.81738943815216,0.05100883821402169,0.002000129648979332,,230.144455,0.978,1.0000386217193882,17.114188935295516,0.051047772860691065,0.0020002560113330237,,230.1458,13.283556124337402,1.0004950583573298,13.283556124337402,0.05101831830374892,0.0019971806705478823,,,
2017-09-29,234.7827,1.028,1.0000405862210406,132.92403585508268,0.06147198761109318,0.01934470769046004,,234.781723,1.028,1.0000405862210406,17.127930862736957,0.06151289965106166,0.0193464244322632,,234.7827,13.294196109683499,1.0004954312366086,13.294196109683499,0.06148178132299997,0.019346673689722982,,,
2017-10-31,240.3152,1.123,1.0000443161076913,133.04679680525254,0.07124396962745383,0.022640800535611794,,240.314148,1.123,1.0000443161076913,17.143749228870874,0.07128444614174168,0.022640579148543782,,240.3152,13.3064242307323,1.0004958597291755,13.3064242307323,0.07125079366742226,0.022644533701529523,,,
2017-11-30,247.6606,1.238,1.0000488265668042,133.18081352229913,0.09693359446544525,0.029558400324941836,,247.659561,1.238,1.0000488265668042,17.16016192588179,0.0970251942845286,0.029608520787276493,,247.6606,13.319767584100301,1.0004963272486855,13.319767584100301,0.09694325258094416,0.029562915106953414,,,
2017-12-29,250.6645,1.355,1.0000534102345462,133.3175363121934,0.08764633591707116,0.011102504014175452,,250.663162,1.355,1.0000534102345462,17.177778466519246,0.08769714269695306,0.01110134759661241,,250.6645,13.333380481365198,1.0004968041558746,13.333380481365198,0.0876582329056983,0.011107092142441433,,,
2018-01-31,264.7917,1.43,1.0000563457119624,133.4717340996875,0.14561227022147105,0.05520237734400313,,264.790314,1.43,1.0000563457119624,17.197646636205477,0.14566309991406734,0.055202486687310204,,264.7917,13.3487629588633,1.000497342988962,13.3487629588633,0.14563008053040183,0.055205316051069486,,,
2018-02-28,255.1638,1.618,1.0000636944840373,133.62656065661042,0.0815231950985782,-0.03752027375966949,,255.16244500000002,1.618,1.0000636944840373,17.217595821954962,0.08157209228122575,-0.03752034700761386,,255.1638,13.3641492538711,1.0004978818829167,13.3641492538711,0.08154642401289203,-0.03751291693164582,,,
2018-03-29,248.1694,1.67,1.0000657247323905,133.81218534746543,0.02693013285644863,-0.028800542006284346,,248.16832000000002,1.67,1.0000657247323905,17.241513304272946,0.026980328692991273,-0.028799609825465367,,248.1694,13.3826866287425,1.000498531044435,13.3826866287425,0.026951663225110778,-0.02879850907127135,,,
2018-04-30,249.452,1.7630000000000001,1.0000693531758569,134.0041064295276,0.0010515180789303358,0.003733986810926293,,249.45088199999998,1.763,1.0000693531758569,17.266242067809337,0.0010512294382838405,0.003733856180648809,,249.452,13.401832217978301,1.000499201394088,13.401832217978301,0.0010721701464329048,0.0037376202065262376,,,
2018-05-31,255.516,1.87,1.0000735237527938,134.21818860326633,0.012598863009552597,0.0227117067503928,,255.51484700000003,1.87,1.0000735237527938,17.293826257075366,0.012599704363318143,0.022711675392642627,,255.516,13.423186727880099,1.0004999489523017,13.423186727880099,0.012619110919843024,0.022715883683058546,,,
2018-06-29,256.985,1.88,1.000073913303371,134.42697696337908,-0.03663931215940208,0.004193561571806281,,256.98425299999997,1.88,1.000073913303371,17.320728345844895,-0.036637053249863216,0.004195176463368977,,256.985,13.4440624549741,1.0005006796142508,13.4440624549741,-0.03662162014630843,0.0041939516995253,,,
2018-07-31,266.5054,1.985,1.0000780012866186,134.64185689845834,0.03685029901369097,0.03544803203502056,,266.504608,1.985,1.0000780012866186,17.347123007246623,0.036927799486552004,0.03552257569653405,,266.5054,13.4654975873724,1.0005014297163546,13.4654975873724,0.03686471339519093,0.03545212623350946,,,
2018-08-31,275.0122,2.055,1.0000807242804814,134.88765567656887,0.10012605143951614,0.03009422872247214,,275.011414,2.055,1.0000807242804814,17.37879147749158,0.10020279754597272,0.03009434609561845,,275.0122,13.490043129710902,1.0005022884909711,13.490043129710902,0.10014117032095804,0.030096956467165592,,,
2018-09-28,276.647,2.15,1.0000844167981178,135.10050990790535,0.10083710480425778,0.0043664523551738554,,276.646484,2.15,1.0000844167981178,17.40621540507741,0.10091510820294713,0.00436745112225978,,276.647,13.5112806822366,1.000503031379718,13.5112806822366,0.10085229039312305,0.004370150387470684,,,
2018-10-31,257.5295,2.278,1.0000893865744191,135.3728389843084,-0.0007226534515276661,-0.07112006147917327,SELL,257.529022,2.278,1.0000893865744191,17.441302012582952,-0.0006448433204171433,-0.07112005301285851,SELL,257.5295,13.5384487912469,1.0005039815172951,13.5384487912469,-0.0007066555954391429,-0.0711150821301273,SELL,,
2018-11-30,262.3065,2.3080000000000003,1.0000905504696067,135.63091228895104,0.011751379833525588,0.016642942141908312,,262.306,2.308,1.0000905504696067,17.4729412762226,0.011920549752351128,0.01673523771325236,,262.3065,13.5642425565045,1.0005048833810553,13.5642425565045,0.011768164483270782,0.016644108150353887,,,
2018-12-31,239.2112,2.3,1.0000902401307985,135.8679114222852,-0.11152122847437484,-0.0897943813282126,SELL,239.210373,2.3,1.0000902401307985,17.50187345723547,-0.11133643482206723,-0.08970424067079996,SELL,239.2112,13.5879486981341,1.0005057120723815,13.5879486981341,-0.11150887929714981,-0.0897946921812528,SELL,,
2019-01-31,258.3638,2.34,1.0000917915831802,136.1320014806004,-0.06976200395692755,0.07812192261193585,,258.362915,2.34,1.0000917915831802,17.53589231226579,-0.06957728577494915,0.07812195695113089,,258.3638,13.614338833845197,1.0005066343850062,13.614338833845197,-0.06975083558293749,0.07812347693724031,,,
2019-02-28,266.7389,2.383,1.0000934587210029,136.3730378950262,-0.045234076055626016,0.030645310922332802,,266.737854,2.383,1.0000934587210029,17.566941503938093,-0.04505077185191109,0.03064479880583315,,266.7389,13.6384217564121,1.0005074758763128,13.6384217564121,-0.045224949818710725,0.030646980855933315,,,
2019-03-29,271.5671,2.3280000000000003,1.0000913262108932,136.64155788681177,0.04513667237899499,0.01613183607925328,,271.56601,2.328,1.0000913262108932,17.601531002427997,0.04531967528651104,0.01613174210491275,,271.5671,13.6653050955576,1.0005084150083436,13.6653050955576,0.04513863001502694,0.016129699565330835,,,
2019-04-30,282.6613,2.3680000000000003,1.0000928772405184,136.90824518951746,0.06818158478196712,0.03890078950095144,,282.66015600000003,2.368,1.0000928772405184,17.635884422420588,0.0682715337102866,0.038900754626356226,,282.6613,13.691954834275501,1.000509345761534,13.691954834275501,0.06818393324761929,0.03890234341344545,,,
2019-05-31,264.6356,2.293,1.0000899685645113,137.18469863595536,0.09659264927648237,-0.0657906366022577,,264.634613,2.293,1.0000899685645113,17.67149587170042,0.09659234785616655,-0.06579033926446776,,264.6356,13.7196423636092,1.0005103125298567,13.7196423636092,0.09659237510293561,-0.06579355088944461,,,
2019-06-28,283.0503,2.035,1.0000799464721082,137.41708748323308,0.08610937717033629,0.0678911348806801,,283.049561,2.035,1.0000799464721082,17.701431123927016,0.0861102695631113,0.06789233155147834,,283.0503,13.74302095597,1.000511128660043,13.74302095597,0.08609742119726471,0.06788109661352104,,,
2019-07-31,287.3299,2.03,1.0000797519962878,137.66472433027963,0.06772362554369615,0.013317492246570861,,287.329163,2.03,1.0000797519962878,17.731835065738284,0.06781021745447546,0.013402022744229303,,287.3299,13.7677896826685,1.0005119931365813,13.7677896826685,0.06770979009620737,0.013317297435823106,,,
2019-08-30,282.519,1.933,1.0000759772858192,137.89509381047782,0.031154623328698117,-0.018416881193533796,,282.518219,1.933,1.0000759772858192,17.761507689912165,0.031241028679314775,-0.018417077275051597,,282.519,13.7908808874177,1.0005127988955245,13.7908808874177,0.031139134770908683,-0.018420661933383875,,,
2019-09-30,288.0159,1.77,1.0000696261508346,138.09859681500052,0.0102489989440675,0.017980963175195486,,288.015442,1.77,1.0000696261508346,17.787719791299324,0.010336567766052518,0.01798216025097532,,288.0159,13.8113209228129,1.0005135120070305,13.8113209228129,0.01022554733014136,0.017974603110152865,,,
2019-10-31,294.3824,1.4980000000000002,1.0000590053433902,138.30268430621206,0.10425715273070146,0.020626843422394403,,294.38198900000003,1.498,1.0000590053433902,17.81400717719828,0.10434476780305202,0.02062704175878949,,294.3824,13.8318787269063,1.000514229098592,13.8318787269063,0.10422593901681365,0.020616207546675147,,,
2019-11-29,305.0385,1.565,1.00006162412733,138.46927315139055,0.07002613602238283,0.03499363228255925,,305.038055,,,,0.07132453924361548,0.03619809090969883,,305.0385,13.848503286965801,1.0005148088975102,13.848503286965801,0.07000767452334489,0.03499625405932005,,,
2019-12-31,313.9015,1.505,1.0000592790282188,138.6431049737964,0.08537068967686601,0.027799966828054634,,313.901062,1.505,1.0000592790282188,17.855685543555033,0.08549430933612401,0.02671577393974145,,313.9015,13.865920962608099,1.000515416266712,13.865920962608099,0.0853500724299665,0.02779761892413335,,,
2020-01-31,313.7748,1.51,1.0000594745058726,138.81604260888602,0.10395394019072501,-0.0016509881541741933,,313.77435299999996,1.51,1.0000594745058726,17.87795798206822,0.10407771804924515,-0.0016510173888313329,,313.7748,13.883214021247099,1.0005160191988718,13.883214021247099,0.10393732818298607,-0.001650792444330973,,,
2020-02-28,288.9345,1.23,1.0000485129609322,138.97210266760692,-0.003135826116222429,-0.08029023540149383,SELL,288.93417400000004,1.23,1.0000485129609322,17.898056776991744,-0.0030131158658133206,-0.08028996255321508,SELL,288.9345,13.898974182016802,1.000516568606271,13.898974182016802,-0.0031570718212925453,-0.08030120873729762,SELL,,
2020-03-31,252.8545,0.03,1.0000011902983632,139.0016233324464,-0.14612156730630688,-0.12508501374789638,SELL,252.854584,0.03,1.0000011902983632,17.901858709359818,-0.14599799036397676,-0.1250837356313974,SELL,252.8545,13.9025844985939,1.0005166944531245,13.9025844985939,-0.1461796744615419,-0.1251323464064783,SELL,,
2020-04-30,284.9628,0.09,1.000003569828764,139.01415923442838,-0.06974872814530941,0.1268931193358087,,284.96295200000003,0.09,1.000003569828764,17.903473193714003,-0.07083402707625841,0.1268933460803725,,284.9628,13.9038052227479,1.0005167370037003,13.9038052227479,-0.06980701068345885,0.12689549907231656,,,
2020-05-29,298.5399,0.128,1.0000050761299406,139.0264103960339,-0.051702336012624306,0.04755703744041595,,298.5401,0.128,1.0000050761299406,17.905051006683582,-0.05170037180992981,0.04755718046930646,,298.5399,13.9050096044172,1.0005167789841836,13.9050096044172,-0.05175668848930148,0.04755854386669123,,,
2020-06-30,303.8346,0.135,1.0000053535443671,139.044014184594,-0.03332166498659661,0.017608695889350434,,303.83453399999996,0.135,1.0000053535443671,17.90731817830358,-0.03332049586840369,0.017607793005403716,,303.8346,13.9067664252673,1.0005168402199491,13.9067664252673,-0.033375874538399186,0.01760897333742162,,,
2020-07-31,321.7281,0.083,1.000003292290104,139.0576355512899,0.11288292003146339,0.058794274972502336,,321.72796600000004,0.083,1.000003292290104,17.909072458406023,0.11288371260117325,0.05879406395925324,,321.7281,13.9081574617188,1.0005168887052625,13.9081574617188,0.11283767167773262,0.058792213523096715,,,
2020-08-31,344.1836,0.095,1.0000037680588276,139.0682204505139,0.36071319588531114,0.06972039571832411,,344.183533,0.095,1.0000037680588276,17.91043567536578,0.36071247871360357,0.06972063303910758,,344.1836,13.9092095163174,1.000516925374792,13.9092095163174,0.3607157748710941,0.06972087152147033,,,
2020-09-30,331.2964,0.085,1.0000033715888368,139.07918107679853,0.16212752265494657,-0.03752162143271476,,331.296051,0.085,1.0000033715888368,17.91184728178021,0.1621256778029212,-0.03752244805177307,,331.2964,13.910311282114,1.0005169637766516,13.910311282114,0.1621273243229655,-0.03752201793261589,,,
2020-10-30,323.0359,0.083,1.000003292290104,139.089922248089,0.08159585074573483,-0.025011096486873274,,323.035675,0.083,1.000003292290104,17.91323062483913,0.08159437218209531,-0.025010748465578048,,323.0359,13.911386687221,1.000517001259357,13.911386687221,0.0815940660968617,-0.02501117579146883,,,
2020-11-30,358.1748,0.075,1.000002975079388,139.09871145460482,0.17845458433141204,0.10871388318125108,,358.1745,0.075,1.000002975079388,17.914305728440773,0.17845702760266025,0.10871690030338788,,358.1748,13.9122701722873,1.000517032052522,13.9122701722873,0.17845220493786917,0.10871356595143289,,,
2020-12-31,371.4446,0.065,1.0000025785304731,139.1076725503555,0.1541697254051655,0.03698396833261697,,371.44424399999997,0.065,1.0000025785304731,17.91540651420556,0.1541752503453675,0.03698681827745509,,371.4446,13.913171953650698,1.0005170634831444,13.913171953650698,0.15416901139054118,0.03698357175917488,,,
2021-01-29,367.6594,0.048,1.0000019043067214,139.115210523826,0.06786930879468533,-0.010244671368049962,,367.659088,0.048,1.0000019043067214,17.916377315143713,0.06787476071018572,-0.010244562678283331,,367.6594,13.913935262385099,1.0005170900872582,13.913935262385099,0.06786744441638026,-0.010245345627051039,,,
2021-02-26,377.8823,0.035,1.0000013886468542,139.11857194255563,0.14033375607097165,0.027781191788733173,,377.882019,0.035,1.0000013886468542,17.916810225722283,0.14034025958824792,0.027781299701937767,,377.8823,13.914278637613599,1.0005171020550887,13.914278637613599,0.14033177257012341,0.027780676117125536,,,
2021-03-31,395.0377,0.013000000000000001,1.0000005158396201,139.1210007104744,0.22266757462688203,0.04538133390561194,,395.037598,0.013,1.0000005158396201,17.91712302201737,0.22267426040115046,0.04538184135780887,,395.0377,13.914533701368502,1.0005171109449313,13.914533701368502,0.2226647975574545,0.04538046108358773,,,
2021-04-30,415.9393,0.003,1.0000001190458405,139.12223727168154,0.16110547632652006,0.052901504722941306,,415.939209,0.003,1.0000001190458405,17.91728227632952,0.1611091704951677,0.05290154623002841,,415.9393,13.9146629003691,1.00051711544795,13.9146629003691,0.16110261981026985,0.052901107925682034,,,
2021-05-28,418.6704,0.008,1.0000003174476702,139.12297702241514,0.12703087910422317,0.006560785041797246,,418.67028799999997,0.008,1.0000003174476702,17.91737754738731,0.12703165785410153,0.006560735990195132,,418.6704,13.9147341277038,1.0005171179304595,13.9147341277038,0.12702861777338037,0.006560983444620749,,,
2021-06-30,428.06,0.04,1.0000015869854708,139.12620068163477,0.16420511690693096,0.022404017254679554,,428.05999800000006,0.04,1.0000015869854708,17.9177927161866,0.16420609949285403,0.02240428599083799,,428.06,13.9150388844187,1.0005171285522267,13.9150388844187,0.16420479956111356,0.022405286819877634,,,
2021-07-02,433.72,0.038,1.000001507651209,139.12663122701142,0.147706862382597,0.013219350812499808,,,,,,,,,433.72,13.9150830503828,1.0005171300915527,13.9150830503828,0.14770698139366245,0.013219271478113415,,ERROR,
2021-07-07,,,,,,,,434.459991,0.043,1.0000017059839017,17.917907168261774,0.14966268207689692,0.014944771164580262,,,,,,,,,ERROR,ERROR
